650₾,მინი მაცივარი,თბილისი ,10.06.2024 13:51
400₾,მაცივარი Hisense RS13DR-SILVER,თბილისი ,დღეს 09:10
შეთანხმებით,იყიდება დახლ მაცივარი,თბილისი ,13.06.2024 12:25
6500₾,ღია მაცივარი,თბილისი ,12.06.2024 13:07
1580₾,მაცივარი,თბილისი ,07.06.2024 17:18
1580₾,მაცივარი,თბილისი ,07.06.2024 17:16
2380₾,მაცივარი,თბილისი ,07.06.2024 17:16
880₾,მაცივარი,თბილისი ,07.06.2024 17:14
1660₾,მაცივარი,თბილისი ,07.06.2024 17:08
550₾,მაცივარი,თბილისი ,07.06.2024 17:07
2180₾,მაცივარი,თბილისი ,07.06.2024 17:06
1299₾,მაცივარი,თბილისი ,07.06.2024 17:04
440₾,მაცივარი,თბილისი ,07.06.2024 17:03
270₾,მაცივარი,თბილისი ,07.06.2024 17:01
2480₾,მაცუვარი,თბილისი ,07.06.2024 17:00
620₾,მაცივარი,თბილისი ,07.06.2024 16:52
2450₾,მაცივარი,თბილისი ,07.06.2024 16:51
1070₾,მაცივარი,თბილისი ,07.06.2024 16:50
2590₾,მაცივარი,თბილისი ,07.06.2024 16:49
680₾,მაცივარი,თბილისი ,07.06.2024 16:42
2480₾,მაცივარი,თბილისი ,07.06.2024 16:40
1530₾,მაცივარი,თბილისი ,07.06.2024 16:36
640₾,მაცივარი,თბილისი ,07.06.2024 16:35
1180₾,მაცივარი,თბილისი ,07.06.2024 16:31
3350₾,მაცივარი,თბილისი ,07.06.2024 16:28
620₾,მაცივარი,თბილისი ,07.06.2024 14:57
630₾,მაცივარი,თბილისი ,07.06.2024 14:56
820₾,მაცივარი,თბილისი ,07.06.2024 14:55
800₾,HITACHI-ს მაცივარი,თბილისი ,03.06.2024 11:27
2000₾,მაცივარი კამერა,თბილისი ,03.06.2024 10:53
შეთანხმებით,"მაცივარი Orsk-ის საყინულეს კამერა ე.წ. ისპარიტელი, კვერცხის უჯრა, თაროს დამჭერი",თბილისი ,30.05.2024 13:57
შეთანხმებით,მაცივარი Orsk-ის საყინულე კამერა,თბილისი ,30.05.2024 13:56
180₾,ბოშის პატარა მაცივარი,თბილისი ,29.05.2024 20:49
250₾,"""ბეკოს"" მაცივარი",თბილისი ,29.05.2024 17:15
შეთანხმებით,იყიდება საცხობის სრული ინვენტარი,თბილისი ,28.05.2024 15:43
1700₾,დახლმაცივარი,თბილისი ,28.05.2024 15:36
შეთანხმებით,მაცივარი,თბილისი ,28.05.2024 15:28
შეთანხმებით,ღია მაცივარი,ქუთაისი ,28.05.2024 15:06
1780₾,მაცივარი,თბილისი ,28.05.2024 15:03
შეთანხმებით,მაცივარი,თბილისი ,28.05.2024 15:03
499₾,"მაცივარი, ტექნიკა",თბილისი ,28.05.2024 11:18
549₾,მაცივარი,თბილისი ,28.05.2024 11:16
549₾,მაცივარი,თბილისი ,28.05.2024 11:16
649₾,მაცივარი Grundig,თბილისი ,28.05.2024 11:16
750₾,მაცივარი Sharf,თბილისი ,28.05.2024 11:16
650₾,მაცივარი Privileg,თბილისი ,28.05.2024 11:16
650₾,მაცივარი Bauknecht,თბილისი ,28.05.2024 11:16
690₾,მაცივარი Siemens,თბილისი ,28.05.2024 11:16
650₾,მაცივარი Gorenje,თბილისი ,28.05.2024 11:16
750₾,მაცივარი Haier,თბილისი ,28.05.2024 11:16
990₾,მაცივარი Liebherr,თბილისი ,28.05.2024 11:16
770₾,მაცივარი Beko,თბილისი ,28.05.2024 11:16
780₾,მაცივარი Bosch,თბილისი ,28.05.2024 11:16
750₾,მაცივარი Liebherr,თბილისი ,28.05.2024 11:16
850₾,მაცივარი Bosch,თბილისი ,28.05.2024 11:16
950₾,მაცივარჯ Beko,თბილისი ,28.05.2024 11:15
850₾,მაცივარი Siemens,თბილისი ,28.05.2024 11:15
850₾,მაცივარი Bosch,თბილისი ,28.05.2024 11:15
750₾,მაცივარი Siemens,თბილისი ,28.05.2024 11:15
860₾,მაცივარი Bosch,თბილისი ,28.05.2024 11:15
880₾,მაცივარი Hanseatic,თბილისი ,28.05.2024 11:14
780₾,მაცივარი Gorenje,თბილისი ,28.05.2024 11:14
949₾,მაცივარი გორენიე,თბილისი ,28.05.2024 11:14
780₾,მაცივარი Gorenje,თბილისი ,28.05.2024 11:14
829₾,მაცივარი Sharf,თბილისი ,28.05.2024 11:14
1900₾,მაცივარი LG,თბილისი ,28.05.2024 11:14
1899₾,მაცივარი Hanseatic,თბილისი ,28.05.2024 11:14
1699₾,მაცივარი Hanseatic,თბილისი ,28.05.2024 11:14
1599₾,მაცივარი Hanseatic,თბილისი ,28.05.2024 11:14
1690₾,Samsung RB34T670FBN/WT იყიდება საწყობიდან ახალი,თბილისი ,25.05.2024 14:26
1030₾,მაცივარი,თბილისი ,25.05.2024 13:41
360₾,Midea MERD86FGG01 იყიდება საწყობიდან ახალი,თბილისი ,25.05.2024 13:36
920₾,Vestfrost TM343W იყიდება საწყობიდან ახალი,თბილისი ,25.05.2024 13:33
500₾,მაცივარი,თბილისი ,23.05.2024 23:19
3000$,რეფის მაცივარი აგრეგატი,თბილისი ,23.05.2024 18:21
235₾,მინი მაცივარი,თბილისი ,21.05.2024 17:11
225₾,მინი მაცივარი,თბილისი ,21.05.2024 17:10
75₾,ავტომობილის მაცივარი,თბილისი ,21.05.2024 17:09
15000₾,კედლის მაცივარი,თბილისი ,18.05.2024 22:15
900₾,ბოშის მაცივარი,თბილისი ,17.05.2024 23:56
